{"0": "acquisitions", "1": "acquisitions,debt", "2": "competition", "3": "debt", "4": "earnings", "5": "earnings, NIL", "6": "earnings, products_services", "7": "earnings,acquisitions", "8": "earnings,acquisitions,op_risks", "9": "earnings,debt", "10": "earnings,op_costs", "11": "earnings,op_costs,organic_expansion", "12": "earnings,op_costs,products_services", "13": "earnings,op_risks", "14": "earnings,organic_expansion", "15": "earnings,organic_expansion,acquisitions", "16": "earnings,products_services", "17": "earnings,products_services,organic_expansion", "18": "NIL", "19": "not_applicable", "20": "op_costs", "21": "op_costs,acquisitions", "22": "op_costs,debt", "23": "op_costs,organic_expansion", "24": "op_costs,products_services", "25": "op_risks", "26": "organic_expansion", "27": "organic_expansion, acquisitions", "28": "organic_expansion,acquisitions", "29": "organic_expansion,acquisitions,debt", "30": "organic_expansion,debt", "31": "products_services", "32": "products_services,acquisitions", "33": "products_services,competition", "34": "products_services,op_risks", "35": "products_services,organic_expansion", "36": "sales", "37": "sales,acquisitions", "38": "sales,competition", "39": "sales,earnings", "40": "sales,earnings,acquisitions", "41": "sales,earnings,competition", "42": "sales,earnings,debt", "43": "sales,earnings,op_costs", "44": "sales,earnings,op_costs,acquisitions", "45": "sales,earnings,op_costs,organic_expansion", "46": "sales,earnings,op_costs,products_services", "47": "sales,earnings,op_costs,products_services,organic_expansion,op_risks", "48": "sales,earnings,organic_expansion", "49": "sales,earnings,organic_expansion,acquisitions", "50": "sales,earnings,products_services", "51": "sales,earnings,products_services,organic_expansion", "52": "sales,op_costs", "53": "sales,op_costs,acquisitions", "54": "sales,op_costs,organic_expansion", "55": "sales,op_costs,products_services", "56": "sales,op_costs,products_services,organic_expansion", "57": "sales,organic_expansion", "58": "sales,organic_expansion,acquisitions", "59": "sales,organic_expansion,competition", "60": "sales,organic_expansion,op_risks", "61": "sales,products_services", "62": "sales,products_services,acquisitions", "63": "sales,products_services,organic_expansion", "64": "sales,products_services,organic_expansion,competition", "65": "sales,products_services,organic_expansion,op_risks"}